CustomerId,snapshot_date,will_churn,churn_proba
CUST_01042,2024-01-01,1,0.9423
CUST_02917,2023-11-01,1,0.9423
CUST_02184,2023-12-01,1,0.9418
CUST_03216,2023-11-01,1,0.9418
CUST_01166,2024-01-01,0,0.9416
CUST_04656,2024-01-01,1,0.9409
CUST_01830,2023-12-01,1,0.9408
CUST_00457,2024-01-01,1,0.9407
CUST_01944,2024-01-01,1,0.9407
CUST_00229,2023-12-01,1,0.9407
CUST_03710,2024-01-01,1,0.9407
CUST_01671,2024-01-01,1,0.9407
CUST_00637,2023-12-01,1,0.9407
CUST_03705,2023-11-01,1,0.9407
CUST_04567,2024-01-01,1,0.9406
CUST_04170,2023-12-01,1,0.9406
CUST_03225,2024-01-01,1,0.9404
CUST_04367,2024-01-01,1,0.9403
CUST_00869,2023-11-01,0,0.9402
CUST_03402,2023-11-01,1,0.9402
CUST_04839,2024-01-01,1,0.94
CUST_01075,2024-01-01,1,0.9395
CUST_02754,2023-11-01,1,0.9395
CUST_00672,2023-12-01,1,0.9394
CUST_01275,2023-12-01,1,0.9394
CUST_04379,2023-11-01,1,0.9394
CUST_02796,2023-11-01,1,0.9393
CUST_00842,2024-01-01,1,0.9393
CUST_02851,2024-01-01,0,0.9392
CUST_01968,2024-01-01,1,0.9392
CUST_01847,2024-01-01,1,0.9391
CUST_04592,2023-11-01,1,0.9389
CUST_01144,2023-12-01,1,0.9389
CUST_00860,2023-11-01,1,0.9389
CUST_04853,2023-12-01,1,0.9386
CUST_00453,2024-01-01,1,0.9386
CUST_01088,2024-01-01,1,0.9386
CUST_02927,2023-11-01,1,0.9383
CUST_00030,2023-12-01,1,0.9383
CUST_02152,2023-12-01,1,0.9383
CUST_01456,2023-12-01,1,0.9381
CUST_00926,2024-01-01,1,0.9381
CUST_04873,2023-11-01,1,0.9381
CUST_02927,2023-12-01,1,0.9379
CUST_01728,2023-11-01,1,0.9377
CUST_02721,2023-12-01,1,0.9376
CUST_00093,2024-01-01,1,0.9375
CUST_03284,2023-11-01,1,0.9375
CUST_00329,2023-11-01,1,0.9375
CUST_04757,2024-01-01,1,0.9375
CUST_04471,2024-01-01,1,0.9375
CUST_00033,2023-12-01,1,0.9375
CUST_01728,2023-12-01,1,0.9375
CUST_02631,2023-11-01,1,0.9375
CUST_03362,2024-01-01,1,0.9375
CUST_04235,2023-11-01,1,0.9375
CUST_01416,2024-01-01,1,0.9375
CUST_02132,2024-01-01,1,0.9372
CUST_04444,2023-11-01,1,0.937
CUST_01025,2024-01-01,1,0.937
CUST_03997,2024-01-01,1,0.937
CUST_04880,2024-01-01,1,0.937
CUST_04477,2023-11-01,1,0.9369
CUST_03875,2024-01-01,1,0.9368
CUST_00915,2024-01-01,1,0.9368
CUST_03411,2024-01-01,1,0.9368
CUST_04474,2023-11-01,1,0.9368
CUST_03180,2024-01-01,1,0.9367
CUST_03109,2023-12-01,1,0.9367
CUST_03009,2023-11-01,1,0.9367
CUST_02830,2024-01-01,1,0.9367
CUST_00151,2024-01-01,1,0.9367
CUST_01720,2023-12-01,1,0.9367
CUST_00235,2023-12-01,1,0.9366
CUST_00135,2023-12-01,1,0.9364
CUST_00497,2023-11-01,1,0.9364
CUST_00124,2023-11-01,1,0.9363
CUST_03101,2024-01-01,1,0.9363
CUST_01650,2023-11-01,1,0.9363
CUST_00544,2024-01-01,1,0.9363
CUST_02100,2024-01-01,0,0.9363
CUST_03537,2023-11-01,1,0.9362
CUST_03259,2024-01-01,1,0.9362
CUST_03473,2023-12-01,1,0.9362
CUST_01662,2023-11-01,1,0.9362
CUST_02618,2023-12-01,1,0.9362
CUST_00988,2023-12-01,1,0.9362
CUST_00988,2023-11-01,1,0.9362
CUST_00057,2023-12-01,1,0.9361
CUST_03468,2024-01-01,1,0.9361
CUST_01075,2023-12-01,1,0.9361
CUST_00549,2023-11-01,1,0.936
CUST_02954,2023-12-01,1,0.936
CUST_04855,2024-01-01,1,0.9359
CUST_04052,2023-12-01,1,0.9357
CUST_04126,2024-01-01,1,0.9357
CUST_01575,2023-12-01,1,0.9356
CUST_01206,2023-12-01,1,0.9356
CUST_00626,2023-11-01,1,0.9356
CUST_02450,2023-11-01,0,0.9356
CUST_01186,2023-12-01,1,0.9356
CUST_04732,2023-11-01,1,0.9356
CUST_03180,2023-11-01,1,0.9355
CUST_04579,2023-12-01,1,0.9355
CUST_03982,2023-11-01,1,0.9355
CUST_01198,2023-12-01,1,0.9355
CUST_04046,2024-01-01,1,0.9355
CUST_03485,2023-12-01,1,0.9355
CUST_04252,2024-01-01,1,0.9355
CUST_03512,2023-11-01,1,0.9355
CUST_03473,2023-11-01,1,0.9354
CUST_04181,2023-12-01,1,0.9354
CUST_01399,2023-12-01,1,0.9353
CUST_03386,2023-11-01,1,0.9353
CUST_00825,2024-01-01,1,0.9352
CUST_02714,2024-01-01,1,0.9352
CUST_01113,2023-11-01,1,0.9352
CUST_01113,2023-12-01,1,0.9352
CUST_02889,2024-01-01,1,0.9352
CUST_01422,2023-12-01,1,0.9349
CUST_02274,2024-01-01,1,0.9348
CUST_04339,2023-12-01,1,0.9348
CUST_00803,2023-11-01,1,0.9348
CUST_04561,2023-12-01,1,0.9347
CUST_01847,2023-12-01,1,0.9347
CUST_01534,2023-11-01,1,0.9347
CUST_01930,2023-11-01,1,0.9347
CUST_04372,2023-11-01,1,0.9346
CUST_04809,2023-12-01,1,0.9346
CUST_03559,2023-12-01,1,0.9346
CUST_04723,2024-01-01,1,0.9346
CUST_03688,2024-01-01,1,0.9346
CUST_04600,2023-12-01,1,0.9346
CUST_03889,2024-01-01,1,0.9346
CUST_01229,2024-01-01,1,0.9346
CUST_04698,2023-11-01,1,0.9346
CUST_00711,2024-01-01,1,0.9346
CUST_01435,2023-12-01,1,0.9346
CUST_00671,2023-12-01,1,0.9346
CUST_01529,2023-11-01,1,0.9346
CUST_03929,2023-11-01,1,0.9346
CUST_03059,2024-01-01,1,0.9345
CUST_02007,2024-01-01,1,0.9345
CUST_03434,2023-11-01,1,0.9345
CUST_01361,2024-01-01,1,0.9345
CUST_02759,2024-01-01,1,0.9345
CUST_00131,2024-01-01,1,0.9345
CUST_03324,2024-01-01,1,0.9345
CUST_03094,2023-12-01,1,0.9345
CUST_03434,2023-12-01,1,0.9345
CUST_00711,2023-12-01,1,0.9342
CUST_01785,2024-01-01,0,0.9342
CUST_03565,2023-12-01,1,0.9342
CUST_00678,2024-01-01,1,0.9342
CUST_04744,2024-01-01,1,0.9341
CUST_03277,2023-12-01,1,0.9341
CUST_02046,2024-01-01,1,0.9341
CUST_02623,2023-11-01,0,0.934
CUST_01361,2023-12-01,1,0.9339
CUST_04420,2024-01-01,1,0.9339
CUST_03978,2023-12-01,1,0.9339
CUST_02274,2023-11-01,1,0.9339
CUST_03324,2023-12-01,1,0.9339
CUST_00076,2023-12-01,1,0.9339
CUST_00796,2023-11-01,1,0.9339
CUST_01503,2023-12-01,1,0.9339
CUST_00709,2023-11-01,1,0.9339
CUST_00513,2023-12-01,1,0.9339
CUST_01901,2023-12-01,1,0.9339
CUST_00825,2023-12-01,1,0.9339
CUST_02002,2024-01-01,1,0.9339
CUST_04225,2023-12-01,1,0.9339
CUST_04339,2024-01-01,1,0.9339
CUST_03150,2023-11-01,1,0.9339
CUST_03824,2024-01-01,1,0.9339
CUST_02745,2024-01-01,1,0.9339
CUST_01435,2024-01-01,1,0.9339
CUST_01788,2024-01-01,1,0.9339
CUST_02496,2023-12-01,1,0.9339
CUST_03094,2023-11-01,1,0.9339
CUST_03022,2023-11-01,1,0.9339
CUST_00245,2023-11-01,1,0.9339
CUST_02714,2023-12-01,1,0.9339
CUST_01488,2023-11-01,1,0.9339
CUST_03431,2024-01-01,1,0.9339
CUST_02847,2024-01-01,1,0.9339
CUST_01380,2023-12-01,1,0.9338
CUST_02212,2023-12-01,1,0.9338
CUST_00427,2023-11-01,1,0.9337
CUST_04604,2023-12-01,1,0.9337
CUST_00957,2023-12-01,0,0.9335
CUST_04843,2024-01-01,1,0.9335
CUST_02430,2023-12-01,1,0.9334
CUST_03059,2023-11-01,1,0.9334
CUST_03861,2024-01-01,1,0.9334
CUST_03861,2023-11-01,1,0.9334
CUST_01780,2023-11-01,1,0.9334
CUST_02469,2024-01-01,1,0.9332
CUST_02777,2024-01-01,1,0.9332
CUST_01298,2023-12-01,1,0.9332
CUST_00109,2023-11-01,1,0.9332
CUST_03431,2023-12-01,1,0.9332
CUST_00475,2023-11-01,1,0.933
CUST_04209,2023-11-01,1,0.9329
CUST_03839,2023-12-01,1,0.9328
CUST_03839,2023-11-01,1,0.9328
CUST_03204,2023-11-01,1,0.9328
CUST_04420,2023-12-01,1,0.9328
CUST_02183,2023-11-01,1,0.9328
CUST_02807,2023-11-01,1,0.9328
CUST_01823,2024-01-01,1,0.9328
CUST_03729,2023-12-01,1,0.9328
CUST_00109,2023-12-01,1,0.9327
CUST_00977,2023-12-01,1,0.9327
CUST_02007,2023-11-01,1,0.9327
CUST_04618,2023-11-01,1,0.9326
CUST_01506,2023-12-01,1,0.9326
CUST_03787,2023-12-01,1,0.9326
CUST_00701,2023-11-01,1,0.9324
CUST_04005,2023-11-01,1,0.9324
CUST_02838,2023-11-01,1,0.9324
CUST_00122,2023-12-01,1,0.9324
CUST_03990,2024-01-01,1,0.9323
CUST_01319,2023-12-01,1,0.9323
CUST_02521,2024-01-01,1,0.9323
CUST_01319,2023-11-01,1,0.9323
CUST_00144,2023-12-01,1,0.9322
CUST_02972,2023-12-01,1,0.9322
CUST_04843,2023-11-01,1,0.9322
CUST_01021,2023-12-01,1,0.932
CUST_01229,2023-11-01,1,0.932
CUST_02129,2023-11-01,1,0.9317
CUST_02521,2023-12-01,1,0.9317
CUST_02335,2023-11-01,1,0.9317
CUST_01214,2023-12-01,1,0.9317
CUST_01853,2023-11-01,1,0.9317
CUST_03990,2023-12-01,1,0.9317
CUST_01404,2024-01-01,1,0.9317
CUST_03138,2023-11-01,1,0.9316
CUST_01410,2023-11-01,1,0.9315
CUST_01814,2024-01-01,1,0.9315
CUST_02058,2024-01-01,1,0.9315
CUST_00478,2023-12-01,1,0.9314
CUST_04037,2023-11-01,1,0.9314
CUST_00916,2023-12-01,1,0.9313
CUST_03259,2023-11-01,1,0.9313
CUST_02444,2023-12-01,1,0.9311
CUST_04566,2023-12-01,1,0.9311
CUST_01042,2023-12-01,1,0.9311
CUST_00884,2023-12-01,1,0.9311
CUST_02759,2023-11-01,1,0.9311
CUST_00909,2023-12-01,1,0.931
CUST_03044,2023-11-01,1,0.931
CUST_01087,2024-01-01,1,0.931
CUST_02534,2023-12-01,1,0.931
CUST_00283,2023-11-01,1,0.931
CUST_01227,2023-12-01,1,0.931
CUST_01767,2024-01-01,1,0.9309
CUST_02348,2024-01-01,1,0.9307
CUST_03239,2023-12-01,1,0.9306
CUST_04960,2024-01-01,1,0.9306
CUST_00400,2023-11-01,1,0.9306
CUST_01229,2023-12-01,1,0.9306
CUST_04609,2023-11-01,1,0.9305
CUST_01302,2024-01-01,1,0.9305
CUST_03565,2023-11-01,1,0.9305
CUST_02124,2024-01-01,1,0.9305
CUST_04609,2023-12-01,1,0.9305
CUST_01302,2023-12-01,1,0.9305
CUST_01929,2023-11-01,1,0.9305
CUST_01376,2023-11-01,1,0.9305
CUST_01617,2023-12-01,1,0.9305
CUST_04594,2023-11-01,1,0.9305
CUST_04658,2023-12-01,1,0.9305
CUST_01196,2024-01-01,1,0.9304
CUST_04287,2023-12-01,1,0.9304
CUST_01202,2024-01-01,1,0.9304
CUST_02059,2023-11-01,1,0.9303
CUST_03375,2023-12-01,1,0.9303
CUST_02641,2024-01-01,1,0.9302
CUST_03349,2023-11-01,1,0.9302
CUST_03105,2023-11-01,1,0.9302
CUST_03592,2023-11-01,1,0.9301
CUST_04524,2024-01-01,1,0.9301
CUST_01410,2023-12-01,1,0.9299
CUST_03662,2023-11-01,1,0.9299
CUST_04970,2023-12-01,1,0.9299
CUST_03027,2023-11-01,1,0.9299
CUST_03027,2023-12-01,1,0.9299
CUST_04732,2023-12-01,1,0.9298
CUST_03686,2023-12-01,1,0.9297
CUST_04606,2023-11-01,1,0.9297
CUST_02683,2023-12-01,1,0.9297
CUST_00638,2024-01-01,1,0.9297
CUST_02434,2023-11-01,1,0.9297
CUST_02183,2024-01-01,1,0.9297
CUST_02188,2023-12-01,1,0.9296
CUST_04824,2024-01-01,1,0.9293
CUST_01349,2023-11-01,1,0.9291
CUST_02101,2023-11-01,1,0.9291
CUST_03833,2024-01-01,1,0.929
CUST_02409,2023-11-01,1,0.9289
CUST_04868,2023-11-01,1,0.9289
CUST_03230,2023-12-01,1,0.9289
CUST_00251,2024-01-01,1,0.9289
CUST_00327,2023-12-01,1,0.9289
CUST_01111,2023-12-01,1,0.9288
CUST_04723,2023-11-01,1,0.9288
CUST_00701,2024-01-01,1,0.9286
CUST_01577,2023-11-01,1,0.9286
CUST_00909,2023-11-01,1,0.9285
CUST_00463,2024-01-01,1,0.9285
CUST_01650,2024-01-01,1,0.9284
CUST_00047,2024-01-01,1,0.9284
CUST_03563,2024-01-01,1,0.9283
CUST_04718,2024-01-01,1,0.9283
CUST_03326,2023-12-01,1,0.9283
CUST_00311,2023-11-01,1,0.9282
CUST_00029,2023-12-01,1,0.9281
CUST_04609,2024-01-01,1,0.9281
CUST_03373,2024-01-01,1,0.9281
CUST_03272,2024-01-01,1,0.928
CUST_04961,2023-12-01,1,0.928
CUST_00445,2023-11-01,1,0.928
CUST_01488,2023-12-01,1,0.9279
CUST_03401,2024-01-01,1,0.9278
CUST_02499,2024-01-01,1,0.9278
CUST_03909,2023-12-01,1,0.9278
CUST_04554,2023-11-01,1,0.9278
CUST_03923,2023-11-01,1,0.9277
CUST_01341,2023-12-01,1,0.9277
CUST_01367,2024-01-01,0,0.9277
CUST_02023,2023-12-01,1,0.9277
CUST_04145,2023-11-01,1,0.9275
CUST_00251,2023-11-01,1,0.9275
CUST_00919,2023-11-01,1,0.9274
CUST_01036,2023-11-01,1,0.9274
CUST_02535,2024-01-01,1,0.9273
CUST_02721,2023-11-01,1,0.9273
CUST_03203,2024-01-01,1,0.9272
CUST_02403,2024-01-01,1,0.9271
CUST_02556,2023-12-01,1,0.927
CUST_02962,2023-11-01,0,0.9269
CUST_02629,2024-01-01,1,0.9267
CUST_04584,2024-01-01,1,0.9267
CUST_04989,2024-01-01,1,0.9266
CUST_04920,2023-11-01,1,0.9265
CUST_03164,2023-12-01,1,0.9265
CUST_03869,2024-01-01,1,0.9264
CUST_03875,2023-12-01,1,0.9263
CUST_00831,2023-12-01,0,0.9262
CUST_02911,2024-01-01,0,0.926
CUST_03341,2023-12-01,0,0.926
CUST_00642,2024-01-01,1,0.9259
CUST_04132,2024-01-01,1,0.9258
CUST_03096,2024-01-01,1,0.9257
CUST_04132,2023-12-01,1,0.9256
CUST_00818,2023-12-01,0,0.9255
CUST_03130,2024-01-01,1,0.9254
CUST_02994,2023-12-01,1,0.9254
CUST_03746,2024-01-01,1,0.9253
CUST_00189,2023-11-01,1,0.9253
CUST_00656,2023-12-01,1,0.9253
CUST_02186,2023-11-01,1,0.9252
CUST_01628,2023-12-01,1,0.9251
CUST_01843,2023-11-01,1,0.9251
CUST_01628,2024-01-01,1,0.9251
CUST_04369,2024-01-01,1,0.925
CUST_01897,2024-01-01,1,0.9249
CUST_01960,2024-01-01,1,0.9243
CUST_00246,2023-11-01,1,0.9242
CUST_00668,2023-12-01,1,0.9239
CUST_01500,2023-11-01,1,0.9238
CUST_03130,2023-11-01,1,0.9238
CUST_01365,2023-12-01,1,0.9238
CUST_02365,2024-01-01,1,0.9235
CUST_04083,2023-12-01,1,0.9235
CUST_03050,2023-11-01,1,0.9235
CUST_04920,2023-12-01,1,0.9234
CUST_00730,2024-01-01,1,0.9233
CUST_00730,2023-11-01,1,0.9233
CUST_03237,2024-01-01,1,0.9233
CUST_03704,2024-01-01,1,0.9233
CUST_00047,2023-11-01,1,0.9231
CUST_00747,2023-11-01,0,0.9223
CUST_02805,2024-01-01,1,0.9222
CUST_04347,2023-11-01,1,0.922
CUST_02822,2023-12-01,1,0.922
CUST_02538,2023-12-01,1,0.9213
CUST_04317,2023-12-01,1,0.9203
CUST_02158,2023-12-01,1,0.9202
CUST_00766,2023-12-01,1,0.9202
CUST_02547,2023-12-01,1,0.9192
CUST_04885,2024-01-01,1,0.9192
CUST_01182,2023-11-01,1,0.9191
CUST_03378,2024-01-01,1,0.9187
CUST_04607,2023-11-01,1,0.9187
CUST_03962,2023-11-01,1,0.9182
CUST_01182,2023-12-01,1,0.9181
CUST_02083,2024-01-01,1,0.918
CUST_01246,2023-11-01,1,0.918
CUST_03225,2023-11-01,1,0.9179
CUST_03671,2023-12-01,1,0.9176
CUST_00637,2023-11-01,1,0.917
CUST_00457,2023-11-01,1,0.917
CUST_03048,2024-01-01,1,0.917
CUST_02083,2023-11-01,1,0.9168
CUST_03698,2023-11-01,1,0.9166
CUST_02078,2024-01-01,0,0.9162
CUST_04878,2023-11-01,1,0.916
CUST_01877,2024-01-01,1,0.916
CUST_03216,2024-01-01,1,0.9155
CUST_03681,2023-12-01,1,0.9154
CUST_00858,2023-12-01,1,0.9153
CUST_04633,2023-11-01,1,0.9153
CUST_01422,2024-01-01,1,0.9151
CUST_03435,2023-11-01,0,0.915
CUST_00494,2023-11-01,1,0.9147
CUST_02547,2023-11-01,1,0.9146
CUST_00277,2023-12-01,1,0.9146
CUST_04573,2023-12-01,1,0.9146
CUST_00527,2023-12-01,1,0.9144
CUST_04853,2024-01-01,1,0.9143
CUST_04592,2023-12-01,1,0.914
CUST_00528,2024-01-01,0,0.914
CUST_01671,2023-11-01,1,0.9139
CUST_02130,2024-01-01,0,0.9138
CUST_00982,2023-11-01,1,0.9138
CUST_00366,2024-01-01,0,0.9136
CUST_03145,2023-11-01,0,0.9133
CUST_02724,2023-12-01,1,0.9133
CUST_03592,2023-12-01,1,0.9133
CUST_03009,2024-01-01,1,0.9131
CUST_01501,2023-12-01,1,0.9131
CUST_04841,2023-12-01,0,0.9131
CUST_03698,2023-12-01,1,0.9129
CUST_02188,2024-01-01,1,0.9124
CUST_01173,2023-11-01,1,0.9124
CUST_04853,2023-11-01,1,0.9123
CUST_02593,2024-01-01,1,0.9123
CUST_00053,2023-12-01,1,0.9122
CUST_04163,2024-01-01,1,0.9122
CUST_01773,2024-01-01,1,0.9122
CUST_02839,2023-12-01,1,0.9121
CUST_01682,2024-01-01,1,0.912
CUST_03031,2024-01-01,1,0.912
CUST_03194,2023-12-01,1,0.912
CUST_01241,2023-12-01,1,0.9118
CUST_03297,2024-01-01,0,0.9117
CUST_00657,2023-12-01,1,0.9116
CUST_01222,2024-01-01,1,0.9115
CUST_00842,2023-12-01,1,0.9115
CUST_00842,2023-11-01,1,0.9115
CUST_01718,2024-01-01,1,0.9114
CUST_03705,2023-12-01,1,0.9113
CUST_03710,2023-11-01,1,0.9113
CUST_04604,2024-01-01,1,0.9112
CUST_00412,2024-01-01,1,0.9111
CUST_00121,2023-11-01,1,0.911
CUST_02839,2024-01-01,1,0.9106
CUST_04453,2023-12-01,1,0.9104
CUST_03745,2023-11-01,1,0.9104
CUST_00312,2023-11-01,1,0.9104
CUST_01871,2023-11-01,1,0.9104
CUST_02725,2023-12-01,0,0.9103
CUST_00670,2024-01-01,1,0.9102
CUST_03084,2024-01-01,1,0.9101
CUST_00383,2023-11-01,1,0.9101
CUST_02836,2024-01-01,1,0.9099
CUST_03502,2024-01-01,1,0.9098
CUST_02563,2023-11-01,1,0.9095
CUST_01568,2023-12-01,1,0.9095
CUST_03222,2024-01-01,1,0.9094
CUST_01024,2023-11-01,1,0.9094
CUST_02322,2024-01-01,1,0.9094
CUST_00071,2023-12-01,1,0.9093
CUST_02882,2024-01-01,1,0.9093
CUST_00314,2024-01-01,1,0.9092
CUST_00682,2023-11-01,1,0.9092
CUST_04210,2023-12-01,1,0.9092
CUST_04588,2023-12-01,1,0.9092
CUST_01130,2024-01-01,1,0.9089
CUST_02805,2023-11-01,1,0.9088
CUST_03547,2023-12-01,1,0.9085
CUST_00775,2023-12-01,0,0.9085
CUST_02008,2024-01-01,1,0.9083
CUST_00959,2024-01-01,1,0.9083
CUST_01646,2024-01-01,1,0.9083
CUST_04379,2024-01-01,1,0.9083
CUST_04414,2024-01-01,1,0.9083
CUST_04567,2023-11-01,1,0.9082
CUST_02223,2024-01-01,1,0.9081
CUST_03185,2024-01-01,1,0.908
CUST_04414,2023-12-01,1,0.9079
CUST_02141,2023-11-01,1,0.9077
CUST_01372,2023-12-01,1,0.9076
CUST_02960,2023-12-01,0,0.9076
CUST_03269,2024-01-01,1,0.9075
CUST_00192,2023-12-01,1,0.9071
CUST_00959,2023-12-01,1,0.9071
CUST_01088,2023-11-01,1,0.907
CUST_01830,2023-11-01,1,0.9069
CUST_01878,2023-12-01,0,0.9068
CUST_01501,2024-01-01,1,0.9068
CUST_00445,2023-12-01,1,0.9068
CUST_02523,2023-11-01,1,0.9066
CUST_00106,2023-12-01,1,0.9064
CUST_03362,2023-11-01,1,0.9064
CUST_00323,2023-12-01,1,0.9062
CUST_04080,2023-11-01,1,0.9062
CUST_04080,2023-12-01,1,0.9062
CUST_04914,2023-12-01,1,0.9062
CUST_04462,2024-01-01,1,0.9062
CUST_02573,2023-12-01,0,0.906
CUST_04958,2023-12-01,1,0.9059
CUST_01093,2023-12-01,0,0.9057
CUST_01012,2023-11-01,1,0.9056
CUST_00659,2023-12-01,1,0.9056
CUST_04471,2023-12-01,1,0.9056
CUST_03185,2023-12-01,1,0.9054
CUST_02335,2023-12-01,1,0.9054
CUST_01525,2023-12-01,1,0.9054
CUST_01719,2023-12-01,1,0.9053
CUST_02954,2024-01-01,1,0.9053
CUST_00707,2023-12-01,1,0.9053
CUST_04627,2024-01-01,0,0.9053
CUST_00659,2024-01-01,1,0.9053
CUST_04561,2024-01-01,1,0.9052
CUST_00323,2023-11-01,1,0.905
CUST_04902,2023-12-01,1,0.9047
CUST_00035,2024-01-01,1,0.9046
CUST_04202,2024-01-01,1,0.9045
CUST_02715,2023-11-01,1,0.9044
CUST_02329,2024-01-01,0,0.9044
CUST_00124,2024-01-01,1,0.9044
CUST_03987,2024-01-01,1,0.9044
CUST_04903,2024-01-01,0,0.9043
CUST_03277,2024-01-01,1,0.9041
CUST_03269,2023-11-01,1,0.9038
CUST_02754,2023-12-01,1,0.9037
CUST_00544,2023-11-01,1,0.9037
CUST_04376,2023-12-01,1,0.9037
CUST_01144,2023-11-01,1,0.9031
CUST_00815,2023-12-01,0,0.903
CUST_02416,2024-01-01,1,0.9028
CUST_03731,2023-11-01,0,0.9028
CUST_03537,2023-12-01,1,0.9028
CUST_02114,2023-11-01,1,0.9028
CUST_04252,2023-12-01,1,0.9028
CUST_03238,2023-12-01,1,0.9028
CUST_02618,2024-01-01,1,0.9028
CUST_03238,2023-11-01,1,0.9028
CUST_03877,2024-01-01,1,0.9027
CUST_02088,2023-12-01,1,0.9027
CUST_00377,2023-12-01,1,0.9023
CUST_01041,2024-01-01,0,0.9022
CUST_03953,2024-01-01,0,0.9019
CUST_01041,2023-12-01,0,0.9019
CUST_01278,2023-11-01,1,0.9019
CUST_00645,2023-12-01,0,0.9019
CUST_01932,2024-01-01,1,0.9018
CUST_02347,2023-12-01,1,0.9018
CUST_01665,2023-12-01,1,0.9018
CUST_03386,2024-01-01,1,0.9018
CUST_02593,2023-11-01,1,0.9018
CUST_02212,2024-01-01,1,0.9018
CUST_04880,2023-11-01,1,0.9018
CUST_03455,2023-12-01,0,0.9018
CUST_04462,2023-11-01,1,0.9017
CUST_04181,2024-01-01,1,0.9017
CUST_04757,2023-12-01,1,0.9016
CUST_02206,2023-11-01,1,0.9014
CUST_04868,2024-01-01,1,0.9012
CUST_01278,2023-12-01,1,0.901
CUST_00659,2023-11-01,1,0.901
CUST_04189,2023-11-01,0,0.901
CUST_02422,2024-01-01,1,0.901
CUST_00707,2023-11-01,1,0.9009
CUST_04925,2024-01-01,1,0.9009
CUST_04961,2024-01-01,1,0.9009
CUST_00968,2023-12-01,1,0.9009
CUST_04170,2024-01-01,1,0.9008
CUST_03994,2024-01-01,1,0.9008
CUST_00151,2023-12-01,1,0.9007
CUST_03022,2024-01-01,1,0.9007
CUST_04372,2023-12-01,1,0.9007
CUST_00360,2023-12-01,1,0.9007
CUST_04600,2024-01-01,1,0.9007
CUST_03559,2024-01-01,1,0.9007
CUST_01833,2024-01-01,1,0.9007
CUST_04600,2023-11-01,1,0.9007
CUST_03547,2024-01-01,1,0.9007
CUST_04850,2023-11-01,1,0.9007
CUST_00614,2023-12-01,1,0.9007
CUST_01987,2024-01-01,1,0.9007
CUST_03613,2023-12-01,1,0.9007
CUST_04069,2023-12-01,1,0.9005
CUST_01646,2023-12-01,1,0.9004
CUST_03430,2023-11-01,1,0.9004
CUST_01801,2023-11-01,1,0.9003
CUST_04809,2023-11-01,1,0.9
CUST_01662,2023-12-01,1,0.9
CUST_02435,2024-01-01,1,0.9
CUST_04775,2024-01-01,1,0.8999
CUST_04474,2023-12-01,1,0.8999
CUST_01575,2024-01-01,1,0.8999
CUST_00704,2023-12-01,0,0.8998
CUST_00684,2023-11-01,1,0.8997
CUST_01186,2023-11-01,1,0.8997
CUST_03032,2024-01-01,1,0.8996
CUST_00131,2023-11-01,1,0.8996
CUST_03994,2023-11-01,1,0.8995
CUST_02899,2023-11-01,1,0.8994
CUST_02252,2023-11-01,1,0.8993
CUST_01826,2023-12-01,0,0.8993
CUST_01833,2023-12-01,1,0.8993
CUST_03662,2024-01-01,1,0.8993
CUST_02170,2023-12-01,1,0.8993
CUST_03559,2023-11-01,1,0.8993
CUST_03018,2023-12-01,1,0.8993
CUST_04850,2023-12-01,1,0.8993
CUST_00033,2023-11-01,1,0.8992
CUST_03982,2024-01-01,1,0.8992
CUST_02430,2024-01-01,1,0.8992
CUST_02206,2024-01-01,1,0.8991
CUST_01396,2023-11-01,1,0.899
CUST_02575,2023-11-01,1,0.899
CUST_02517,2024-01-01,1,0.899
CUST_01801,2023-12-01,1,0.8989
CUST_01863,2023-11-01,1,0.8989
CUST_02132,2023-11-01,1,0.8988
CUST_03787,2024-01-01,1,0.8986
CUST_00145,2023-12-01,0,0.8984
CUST_01620,2023-11-01,1,0.8983
CUST_01261,2023-12-01,1,0.8983
CUST_01506,2023-11-01,1,0.8982
CUST_00838,2024-01-01,0,0.8981
CUST_00109,2024-01-01,1,0.8981
CUST_03352,2023-11-01,1,0.8981
CUST_02644,2023-12-01,1,0.8981
CUST_02644,2023-11-01,1,0.8981
CUST_04907,2024-01-01,1,0.8981
CUST_03848,2024-01-01,0,0.8981
CUST_03324,2023-11-01,1,0.8981
CUST_04171,2023-11-01,0,0.8981
CUST_02212,2023-11-01,1,0.8981
CUST_04834,2023-11-01,1,0.8981
CUST_04744,2023-12-01,1,0.8981
CUST_02469,2023-12-01,1,0.8981
CUST_02984,2024-01-01,1,0.8981
CUST_03267,2023-11-01,1,0.8981
CUST_04834,2023-12-01,1,0.8981
CUST_01298,2024-01-01,1,0.8981
CUST_02885,2024-01-01,0,0.898
CUST_02244,2024-01-01,1,0.898
CUST_02617,2024-01-01,0,0.898
CUST_01868,2024-01-01,0,0.898
CUST_02252,2024-01-01,1,0.8979
CUST_03788,2023-11-01,1,0.8978
CUST_00637,2024-01-01,1,0.8978
CUST_01275,2024-01-01,1,0.8978
CUST_04775,2023-12-01,1,0.8977
CUST_01571,2023-12-01,0,0.8977
CUST_02089,2023-11-01,1,0.8977
CUST_00912,2024-01-01,1,0.8976
CUST_03548,2023-11-01,1,0.8976
CUST_03662,2023-12-01,1,0.8975
CUST_02745,2023-12-01,1,0.8974
CUST_02660,2024-01-01,1,0.8972
CUST_02170,2024-01-01,1,0.8972
CUST_01298,2023-11-01,1,0.8971
CUST_01380,2023-11-01,1,0.8971
CUST_00825,2023-11-01,1,0.8971
CUST_01336,2024-01-01,1,0.8971
CUST_02254,2023-12-01,0,0.8971
CUST_00427,2024-01-01,1,0.8971
CUST_03150,2023-12-01,1,0.8971
CUST_01261,2023-11-01,1,0.8971
CUST_00377,2023-11-01,1,0.8971
CUST_04181,2023-11-01,1,0.897
CUST_02231,2024-01-01,1,0.897
CUST_00908,2024-01-01,1,0.8968
CUST_04619,2023-11-01,1,0.8968
CUST_02917,2023-12-01,1,0.8968
CUST_04744,2023-11-01,1,0.8966
CUST_02741,2024-01-01,1,0.8966
CUST_01520,2024-01-01,0,0.8966
CUST_04225,2024-01-01,1,0.8966
CUST_01186,2024-01-01,1,0.8965
CUST_03659,2023-12-01,1,0.8963
CUST_02002,2023-11-01,1,0.8962
CUST_00549,2023-12-01,1,0.896
CUST_03914,2024-01-01,0,0.8959
CUST_03044,2023-12-01,1,0.8957
CUST_04925,2023-12-01,1,0.8957
CUST_04780,2023-12-01,1,0.8957
CUST_02804,2024-01-01,1,0.8956
CUST_04491,2023-12-01,1,0.8956
CUST_01805,2023-11-01,0,0.8956
CUST_02617,2023-11-01,0,0.8956
CUST_02461,2024-01-01,1,0.8955
CUST_04279,2023-12-01,1,0.8955
CUST_02870,2024-01-01,0,0.8954
CUST_03621,2024-01-01,1,0.8954
CUST_03244,2024-01-01,1,0.8953
CUST_03925,2023-11-01,1,0.8953
CUST_00135,2024-01-01,1,0.8953
CUST_04322,2024-01-01,1,0.8952
CUST_04145,2024-01-01,1,0.8951
CUST_02059,2024-01-01,1,0.8951
CUST_02593,2023-12-01,1,0.8951
CUST_01516,2023-11-01,1,0.8949
CUST_04948,2023-12-01,1,0.8949
CUST_00820,2024-01-01,0,0.8949
CUST_04927,2024-01-01,1,0.8949
CUST_04927,2023-12-01,1,0.8948
CUST_00090,2023-11-01,1,0.8948
CUST_03030,2023-12-01,1,0.8948
CUST_03929,2024-01-01,1,0.8946
CUST_01863,2024-01-01,1,0.8946
CUST_03032,2023-12-01,1,0.8945
CUST_02071,2023-12-01,0,0.8945
CUST_03239,2024-01-01,1,0.8944
CUST_04604,2023-11-01,1,0.8943
CUST_02362,2023-11-01,0,0.8942
CUST_02018,2024-01-01,0,0.8942
CUST_01076,2023-11-01,1,0.8942
CUST_00465,2023-12-01,0,0.8941
CUST_04202,2023-11-01,1,0.8941
CUST_01173,2023-12-01,1,0.8939
CUST_03468,2023-11-01,1,0.8939
CUST_02989,2023-12-01,1,0.8939
CUST_02881,2023-11-01,1,0.8939
CUST_04046,2023-12-01,1,0.8938
CUST_03884,2023-11-01,1,0.8937
CUST_01175,2024-01-01,0,0.8935
CUST_02804,2023-11-01,1,0.8934
CUST_02824,2024-01-01,0,0.8932
CUST_03091,2024-01-01,1,0.8932
CUST_02920,2024-01-01,1,0.8931
CUST_00701,2023-12-01,1,0.8931
CUST_00246,2023-12-01,1,0.893
CUST_03024,2023-12-01,0,0.893
CUST_00107,2023-11-01,1,0.8928
CUST_03788,2023-12-01,1,0.8925
CUST_03032,2023-11-01,1,0.8919
CUST_04834,2024-01-01,1,0.8919
CUST_04352,2023-12-01,1,0.8917
CUST_03824,2023-12-01,1,0.8916
CUST_00380,2023-12-01,1,0.8916
CUST_01087,2023-11-01,1,0.8916
CUST_04046,2023-11-01,1,0.8915
CUST_04950,2024-01-01,1,0.8915
CUST_04965,2023-12-01,1,0.8915
CUST_02046,2023-11-01,1,0.8914
CUST_02017,2024-01-01,1,0.8914
CUST_00672,2024-01-01,1,0.8913
CUST_01332,2023-12-01,0,0.8913
CUST_04885,2023-11-01,1,0.8911
CUST_04885,2023-12-01,1,0.8911
CUST_01404,2023-11-01,1,0.891
CUST_01635,2023-11-01,1,0.891
CUST_01036,2024-01-01,1,0.891
CUST_00176,2023-12-01,0,0.891
CUST_02534,2023-11-01,1,0.891
CUST_00460,2024-01-01,0,0.8909
CUST_03437,2024-01-01,1,0.8909
CUST_04801,2023-11-01,1,0.8908
CUST_01968,2023-11-01,1,0.8908
CUST_04801,2023-12-01,1,0.8908
CUST_02965,2023-11-01,1,0.8907
CUST_02654,2023-11-01,1,0.8907
CUST_01720,2023-11-01,1,0.8907
CUST_01297,2024-01-01,1,0.8904
CUST_02922,2023-12-01,1,0.8904
CUST_04911,2024-01-01,0,0.8903
CUST_00045,2024-01-01,0,0.8902
CUST_01879,2023-12-01,0,0.8901
CUST_01985,2023-11-01,1,0.8901
CUST_01312,2023-12-01,1,0.8901
CUST_01985,2024-01-01,1,0.8901
CUST_00212,2024-01-01,1,0.89
CUST_01214,2023-11-01,1,0.89
CUST_04103,2024-01-01,0,0.89
CUST_02714,2023-11-01,1,0.89
CUST_04906,2024-01-01,1,0.8899
CUST_03509,2024-01-01,1,0.8899
CUST_01702,2024-01-01,1,0.8899
CUST_01936,2023-11-01,1,0.8899
CUST_02654,2023-12-01,1,0.8897
CUST_03932,2024-01-01,1,0.8896
CUST_04491,2023-11-01,1,0.8896
CUST_04943,2023-12-01,0,0.8893
CUST_01386,2024-01-01,1,0.8893
CUST_01202,2023-12-01,1,0.8893
CUST_03420,2023-11-01,1,0.8892
CUST_04593,2024-01-01,1,0.8892
CUST_02288,2024-01-01,1,0.8892
CUST_02530,2024-01-01,1,0.8891
CUST_00210,2023-12-01,1,0.889
CUST_00400,2023-12-01,1,0.8889
CUST_01527,2024-01-01,0,0.8888
CUST_03665,2023-12-01,1,0.8887
CUST_00374,2023-11-01,1,0.8887
CUST_01047,2024-01-01,1,0.8886
CUST_00271,2023-11-01,1,0.8886
CUST_00748,2024-01-01,1,0.8886
CUST_03326,2023-11-01,1,0.8886
CUST_03027,2024-01-01,1,0.8885
CUST_03665,2023-11-01,1,0.8884
CUST_03540,2023-11-01,1,0.8883
CUST_02676,2023-11-01,0,0.8882
CUST_01879,2024-01-01,0,0.8882
CUST_01791,2023-11-01,0,0.8881
CUST_00298,2024-01-01,0,0.888
CUST_00994,2023-12-01,1,0.8879
CUST_02323,2023-11-01,1,0.8878
CUST_00717,2024-01-01,0,0.8877
CUST_03509,2023-11-01,1,0.8876
CUST_00627,2023-12-01,0,0.8875
CUST_00968,2024-01-01,1,0.8875
CUST_00327,2023-11-01,1,0.8874
CUST_04502,2024-01-01,1,0.8872
CUST_02876,2023-12-01,1,0.8872
CUST_02496,2023-11-01,1,0.8871
CUST_01420,2023-11-01,0,0.8871
CUST_04550,2023-12-01,1,0.8871
CUST_03665,2024-01-01,1,0.8871
CUST_02869,2024-01-01,1,0.8871
CUST_00463,2023-11-01,1,0.887
CUST_02942,2023-11-01,1,0.8869
CUST_02114,2024-01-01,1,0.8869
CUST_02984,2023-12-01,1,0.8869
CUST_02683,2023-11-01,1,0.8866
CUST_03138,2023-12-01,1,0.8866
CUST_02548,2023-12-01,1,0.8866
CUST_02548,2023-11-01,1,0.8866
CUST_02101,2023-12-01,1,0.8866
CUST_03829,2024-01-01,0,0.8866
CUST_01012,2024-01-01,1,0.8865
CUST_00030,2024-01-01,1,0.8865
CUST_04912,2023-12-01,0,0.8864
CUST_00608,2023-12-01,1,0.8864
CUST_01702,2023-11-01,1,0.8864
CUST_01951,2024-01-01,1,0.8864
CUST_04333,2024-01-01,1,0.8862
CUST_00214,2024-01-01,1,0.8862
CUST_03185,2023-11-01,1,0.8861
CUST_03476,2023-12-01,0,0.8861
CUST_02989,2023-11-01,1,0.8858
CUST_04529,2024-01-01,0,0.8858
CUST_03909,2024-01-01,1,0.8858
CUST_04854,2023-11-01,1,0.8857
CUST_00346,2024-01-01,0,0.8857
CUST_03111,2023-11-01,1,0.8857
CUST_04444,2024-01-01,1,0.8856
CUST_04310,2023-12-01,1,0.8856
CUST_02580,2024-01-01,1,0.8855
CUST_04236,2024-01-01,1,0.8854
CUST_02216,2023-12-01,0,0.8853
CUST_02401,2023-11-01,0,0.8852
CUST_03428,2024-01-01,0,0.8851
CUST_01047,2023-11-01,1,0.8851
CUST_04780,2024-01-01,1,0.885
CUST_04920,2024-01-01,1,0.8849
CUST_00065,2023-12-01,1,0.8849
CUST_01404,2023-12-01,1,0.8849
CUST_00315,2023-12-01,0,0.8848
CUST_04417,2023-11-01,1,0.8848
CUST_02017,2023-11-01,1,0.8847
CUST_02449,2024-01-01,1,0.8847
CUST_02580,2023-11-01,1,0.8847
CUST_03170,2024-01-01,1,0.8847
CUST_03004,2024-01-01,1,0.8847
CUST_03116,2023-11-01,1,0.8845
CUST_02649,2023-11-01,1,0.8845
CUST_02211,2023-12-01,1,0.8844
CUST_00716,2023-11-01,1,0.8844
CUST_01723,2024-01-01,1,0.8844
CUST_03295,2023-11-01,1,0.8844
CUST_02864,2024-01-01,0,0.8843
CUST_03105,2023-12-01,1,0.8842
CUST_01789,2024-01-01,1,0.8842
CUST_04473,2024-01-01,1,0.8842
CUST_03056,2023-12-01,0,0.8841
CUST_00706,2024-01-01,0,0.8841
CUST_03294,2023-12-01,1,0.8841
CUST_01474,2023-12-01,1,0.8841
CUST_04781,2024-01-01,0,0.8841
CUST_00044,2023-12-01,1,0.8839
CUST_01339,2024-01-01,1,0.8838
CUST_01480,2024-01-01,1,0.8838
CUST_04287,2023-11-01,1,0.8838
CUST_01349,2023-12-01,1,0.8837
CUST_03094,2024-01-01,1,0.8837
CUST_01951,2023-12-01,1,0.8837
CUST_01607,2023-11-01,0,0.8837
CUST_04387,2024-01-01,1,0.8837
CUST_02109,2023-11-01,0,0.8836
CUST_04208,2023-11-01,1,0.8835
CUST_00455,2023-11-01,0,0.8835
CUST_04514,2023-12-01,1,0.8835
CUST_00656,2024-01-01,1,0.8834
CUST_02811,2023-11-01,0,0.8833
CUST_02869,2023-12-01,1,0.8833
CUST_03721,2023-12-01,1,0.8833
CUST_01703,2023-11-01,1,0.8832
CUST_02530,2023-12-01,1,0.8831
CUST_02938,2023-12-01,0,0.8831
CUST_01376,2023-12-01,1,0.8829
CUST_00544,2023-12-01,1,0.8828
CUST_04474,2024-01-01,1,0.8828
CUST_01862,2024-01-01,1,0.8827
CUST_04075,2023-12-01,0,0.8827
CUST_00121,2024-01-01,1,0.8827
CUST_01667,2023-12-01,0,0.8826
CUST_01305,2024-01-01,1,0.8826
CUST_01550,2023-12-01,0,0.8825
CUST_04560,2023-11-01,1,0.8825
CUST_04236,2023-11-01,1,0.8825
CUST_04493,2023-11-01,1,0.8823
CUST_02619,2023-12-01,1,0.8822
CUST_03272,2023-11-01,1,0.8822
CUST_04766,2023-11-01,0,0.8821
CUST_04524,2023-12-01,1,0.882
CUST_04524,2023-11-01,1,0.882
CUST_04960,2023-11-01,1,0.8818
CUST_02649,2024-01-01,1,0.8818
CUST_00622,2023-11-01,1,0.8817
CUST_00520,2024-01-01,0,0.8816
CUST_01602,2024-01-01,1,0.8816
CUST_03834,2023-11-01,1,0.8815
CUST_04605,2024-01-01,1,0.8815
CUST_02972,2024-01-01,1,0.8814
CUST_01649,2023-11-01,1,0.8814
CUST_02499,2023-11-01,1,0.8813
CUST_00138,2023-11-01,1,0.8812
CUST_01723,2023-11-01,1,0.8811
CUST_03015,2023-11-01,0,0.881
CUST_02525,2024-01-01,1,0.881
CUST_03420,2023-12-01,1,0.8809
CUST_01336,2023-12-01,1,0.8809
CUST_00006,2023-12-01,0,0.8808
CUST_03821,2024-01-01,1,0.8808
CUST_03974,2023-11-01,1,0.8808
CUST_02103,2024-01-01,1,0.8806
CUST_03801,2023-12-01,0,0.8806
CUST_02421,2023-11-01,1,0.8806
CUST_01500,2024-01-01,1,0.8806
CUST_04892,2024-01-01,1,0.8802
CUST_02858,2023-11-01,0,0.8798
CUST_01871,2023-12-01,1,0.8798
CUST_04873,2023-12-01,1,0.8798
CUST_01938,2023-12-01,1,0.8797
CUST_03801,2023-11-01,0,0.8797
CUST_01938,2024-01-01,1,0.8797
CUST_01275,2023-11-01,1,0.8796
CUST_03150,2024-01-01,1,0.8795
CUST_04771,2023-11-01,1,0.8794
CUST_04014,2023-11-01,1,0.8793
CUST_01388,2023-12-01,1,0.8793
CUST_03795,2023-12-01,0,0.8792
CUST_04605,2023-12-01,1,0.879
CUST_01751,2024-01-01,0,0.879
CUST_03607,2023-11-01,1,0.879
CUST_02994,2023-11-01,1,0.8789
CUST_01236,2023-11-01,1,0.8788
CUST_04810,2024-01-01,1,0.8788
CUST_01180,2023-11-01,1,0.8787
CUST_03484,2023-11-01,0,0.8786
CUST_03908,2023-12-01,1,0.8785
CUST_01536,2024-01-01,1,0.8784
CUST_00668,2023-11-01,1,0.8784
CUST_03989,2023-12-01,1,0.8784
CUST_01025,2023-11-01,1,0.8784
CUST_03950,2024-01-01,0,0.8783
CUST_03855,2023-12-01,0,0.8783
CUST_01136,2024-01-01,0,0.8782
CUST_01210,2023-12-01,1,0.8781
CUST_04717,2023-11-01,0,0.8779
CUST_00076,2024-01-01,1,0.8779
CUST_01564,2024-01-01,0,0.8778
CUST_04843,2023-12-01,1,0.8776
CUST_00240,2024-01-01,1,0.8776
CUST_01270,2024-01-01,0,0.8771
CUST_01427,2023-12-01,1,0.877
CUST_02921,2023-12-01,0,0.8769
CUST_00242,2024-01-01,1,0.8769
CUST_04314,2024-01-01,1,0.8768
CUST_00977,2024-01-01,1,0.8767
CUST_01850,2023-11-01,1,0.8767
CUST_01895,2023-12-01,1,0.8767
CUST_04698,2024-01-01,1,0.8767
CUST_00229,2024-01-01,1,0.8766
CUST_02670,2023-11-01,0,0.8766
CUST_03826,2023-11-01,1,0.8765
CUST_03895,2024-01-01,1,0.8764
CUST_03766,2024-01-01,1,0.8763
CUST_03908,2024-01-01,1,0.8763
CUST_02535,2023-12-01,1,0.876
CUST_04333,2023-12-01,1,0.8755
CUST_03105,2024-01-01,1,0.8754
CUST_04427,2023-12-01,1,0.8753
CUST_01938,2023-11-01,1,0.8752
CUST_03256,2023-12-01,0,0.8751
CUST_00844,2024-01-01,0,0.8751
CUST_03978,2024-01-01,1,0.8749
CUST_03941,2024-01-01,1,0.8748
CUST_02946,2024-01-01,0,0.8748
CUST_03826,2023-12-01,1,0.8748
CUST_03826,2024-01-01,1,0.8746
CUST_00497,2024-01-01,1,0.8744
CUST_03517,2023-12-01,1,0.8743
CUST_03530,2023-12-01,1,0.8742
CUST_02352,2023-12-01,1,0.874
CUST_02882,2023-12-01,1,0.8739
CUST_03169,2024-01-01,1,0.8739
CUST_00398,2023-12-01,1,0.8739
CUST_04836,2024-01-01,1,0.8739
CUST_02858,2024-01-01,0,0.8738
CUST_03705,2024-01-01,1,0.8737
CUST_04463,2023-12-01,1,0.8737
CUST_03064,2024-01-01,0,0.8737
CUST_04463,2023-11-01,1,0.8737
CUST_04594,2024-01-01,1,0.8734
CUST_04281,2023-11-01,0,0.8734
CUST_02166,2023-11-01,1,0.8731
CUST_04810,2023-11-01,1,0.8729
CUST_01320,2024-01-01,1,0.8727
CUST_00958,2023-11-01,0,0.8726
CUST_00476,2024-01-01,1,0.8726
CUST_02917,2024-01-01,1,0.8725
CUST_01976,2023-12-01,1,0.8724
CUST_01920,2023-12-01,1,0.8723
CUST_00140,2023-12-01,0,0.8722
CUST_01353,2024-01-01,1,0.8722
CUST_02129,2024-01-01,1,0.8722
CUST_01415,2024-01-01,1,0.8721
CUST_01606,2023-12-01,1,0.8721
CUST_02993,2023-12-01,1,0.872
CUST_02139,2023-12-01,0,0.8719
CUST_00070,2023-12-01,1,0.8718
CUST_01042,2023-11-01,1,0.8717
CUST_02286,2024-01-01,0,0.8717
CUST_01311,2023-12-01,0,0.8717
CUST_03168,2024-01-01,0,0.8716
CUST_04414,2023-11-01,1,0.8716
CUST_00488,2023-12-01,0,0.8715
CUST_01526,2023-12-01,1,0.8711
CUST_00703,2023-11-01,1,0.8711
CUST_00291,2023-11-01,0,0.871
CUST_02809,2023-12-01,1,0.871
CUST_01424,2024-01-01,1,0.871
CUST_02205,2023-12-01,0,0.8709
CUST_00502,2023-11-01,0,0.8706
CUST_04075,2023-11-01,0,0.8704
CUST_00479,2024-01-01,1,0.87
CUST_04892,2023-12-01,1,0.87
CUST_04594,2023-12-01,1,0.8699
CUST_00707,2024-01-01,1,0.8697
CUST_03704,2023-12-01,1,0.8695
CUST_03168,2023-12-01,0,0.8694
CUST_03310,2023-11-01,0,0.869
CUST_02231,2023-12-01,1,0.8688
CUST_03349,2024-01-01,1,0.8688
CUST_01100,2023-11-01,1,0.8688
CUST_03719,2023-11-01,0,0.8684
CUST_00229,2023-11-01,1,0.8683
CUST_02415,2023-11-01,0,0.8683
CUST_02184,2023-11-01,1,0.8683
CUST_03923,2023-12-01,1,0.8682
CUST_02153,2023-12-01,0,0.8682
CUST_00117,2024-01-01,1,0.8682
CUST_03671,2024-01-01,1,0.8681
CUST_03592,2024-01-01,1,0.8681
CUST_01222,2023-11-01,1,0.8681
CUST_02141,2023-12-01,1,0.8677
CUST_03530,2023-11-01,1,0.8677
CUST_04937,2023-11-01,1,0.8676
CUST_00068,2024-01-01,1,0.8675
CUST_00189,2024-01-01,1,0.8674
CUST_03104,2024-01-01,0,0.8674
CUST_04625,2024-01-01,0,0.8672
CUST_02392,2023-12-01,0,0.8672
CUST_02184,2024-01-01,1,0.8671
CUST_03932,2023-12-01,1,0.8668
CUST_03612,2024-01-01,1,0.8667
CUST_00930,2024-01-01,0,0.8667
CUST_01341,2024-01-01,1,0.8664
CUST_02787,2024-01-01,1,0.8663
CUST_00803,2023-12-01,1,0.866
CUST_02141,2024-01-01,1,0.866
CUST_03695,2023-11-01,0,0.8659
CUST_01267,2023-12-01,1,0.8658
CUST_03364,2024-01-01,1,0.8656
CUST_03509,2023-12-01,1,0.8655
CUST_00880,2023-11-01,0,0.8655
CUST_04210,2023-11-01,1,0.8653
CUST_01359,2024-01-01,1,0.8653
CUST_02421,2024-01-01,1,0.865
CUST_01196,2023-12-01,1,0.8649
CUST_02791,2023-12-01,1,0.8649
CUST_01358,2023-12-01,1,0.8645
CUST_00555,2023-12-01,1,0.8644
CUST_00144,2023-11-01,1,0.8642
CUST_00656,2023-11-01,1,0.8642
CUST_03046,2023-11-01,1,0.8639
CUST_03735,2024-01-01,1,0.8637
CUST_00494,2023-12-01,1,0.8635
CUST_04839,2023-11-01,1,0.8634
CUST_03972,2023-12-01,0,0.8633
CUST_00671,2023-11-01,1,0.8633
CUST_01370,2024-01-01,1,0.8632
CUST_01602,2023-12-01,1,0.8631
CUST_02995,2023-12-01,0,0.863
CUST_04403,2023-11-01,1,0.863
CUST_01713,2023-12-01,1,0.8628
CUST_00999,2024-01-01,1,0.8621
CUST_01480,2023-12-01,1,0.862
CUST_03216,2023-12-01,1,0.862
CUST_00708,2023-11-01,0,0.862
CUST_02778,2023-12-01,0,0.8618
CUST_01109,2024-01-01,1,0.8617
CUST_02097,2023-11-01,0,0.8616
CUST_00703,2024-01-01,1,0.8614
CUST_00186,2024-01-01,1,0.8613
CUST_00358,2024-01-01,1,0.8612
CUST_01020,2023-12-01,1,0.8612
CUST_02563,2024-01-01,1,0.8611
CUST_03759,2023-11-01,1,0.8609
CUST_03621,2023-11-01,1,0.8609
CUST_02058,2023-12-01,1,0.8609
CUST_03557,2023-12-01,0,0.8608
CUST_02615,2023-11-01,0,0.8607
CUST_03253,2023-11-01,1,0.8607
CUST_00671,2024-01-01,1,0.8607
CUST_03533,2024-01-01,0,0.8605
CUST_04836,2023-12-01,1,0.8605
CUST_04360,2024-01-01,1,0.8604
CUST_00871,2023-11-01,1,0.8604
CUST_00103,2023-12-01,1,0.8603
CUST_00478,2023-11-01,1,0.8603
CUST_01359,2023-11-01,1,0.8596
CUST_01855,2024-01-01,0,0.8594
CUST_01671,2023-12-01,1,0.8593
CUST_02983,2024-01-01,0,0.8592
CUST_00301,2024-01-01,1,0.8591
CUST_04642,2024-01-01,1,0.8591
CUST_02990,2024-01-01,0,0.8585
CUST_00871,2023-12-01,1,0.8584
CUST_00210,2024-01-01,1,0.8583
CUST_03556,2024-01-01,1,0.8582
CUST_01944,2023-12-01,1,0.8581
CUST_01885,2023-12-01,0,0.8581
CUST_00796,2023-12-01,1,0.8581
CUST_01806,2024-01-01,1,0.8579
CUST_01806,2023-11-01,1,0.8579
CUST_03421,2023-12-01,0,0.8578
CUST_01177,2023-12-01,0,0.8577
CUST_03194,2024-01-01,1,0.8574
CUST_01353,2023-12-01,1,0.8573
CUST_03781,2024-01-01,1,0.8573
CUST_03513,2023-12-01,1,0.8571
CUST_03301,2023-12-01,1,0.8571
CUST_01111,2023-11-01,1,0.8568
CUST_04463,2024-01-01,1,0.8568
CUST_02466,2024-01-01,0,0.8567
CUST_03517,2023-11-01,1,0.8566
CUST_03743,2023-12-01,1,0.8565
CUST_02515,2024-01-01,0,0.8564
CUST_02019,2024-01-01,0,0.8563
CUST_03533,2023-11-01,0,0.8562
CUST_04016,2023-12-01,0,0.8562
CUST_03571,2024-01-01,1,0.8561
CUST_03087,2023-11-01,1,0.8561
CUST_04873,2024-01-01,1,0.856
CUST_04803,2023-12-01,0,0.8558
CUST_03532,2023-12-01,1,0.8557
CUST_03532,2023-11-01,1,0.8557
CUST_02777,2023-12-01,1,0.8556
CUST_01860,2024-01-01,0,0.8555
CUST_02700,2024-01-01,1,0.8554
CUST_03995,2023-12-01,0,0.8552
CUST_03631,2023-12-01,1,0.8552
CUST_02782,2023-11-01,0,0.8552
CUST_02058,2023-11-01,1,0.855
CUST_04490,2024-01-01,0,0.8549
CUST_01682,2023-12-01,1,0.8547
CUST_00766,2024-01-01,1,0.8546
CUST_02627,2024-01-01,0,0.8546
CUST_02403,2023-11-01,1,0.8543
CUST_02738,2023-11-01,1,0.8543
CUST_02727,2024-01-01,1,0.8542
CUST_04854,2024-01-01,1,0.8542
CUST_00591,2023-11-01,0,0.8539
CUST_01999,2023-12-01,1,0.8539
CUST_03547,2023-11-01,1,0.8538
CUST_00224,2023-11-01,0,0.8536
CUST_03038,2023-11-01,0,0.8533
CUST_02829,2024-01-01,0,0.8532
CUST_02829,2023-11-01,0,0.8532
CUST_01646,2023-11-01,1,0.8531
CUST_00192,2024-01-01,1,0.8529
CUST_03194,2023-11-01,1,0.8529
CUST_01422,2023-11-01,1,0.8528
CUST_00871,2024-01-01,1,0.8524
CUST_00980,2023-11-01,1,0.8518
CUST_00860,2024-01-01,1,0.8518
CUST_04567,2023-12-01,1,0.8518
CUST_00626,2023-12-01,1,0.8517
CUST_00622,2024-01-01,1,0.8515
CUST_03196,2024-01-01,0,0.8515
CUST_00224,2023-12-01,0,0.8513
CUST_03195,2023-11-01,0,0.8513
CUST_03671,2023-11-01,1,0.851
CUST_03857,2024-01-01,0,0.8508
CUST_01568,2024-01-01,1,0.8507
CUST_00674,2023-11-01,0,0.8506
CUST_00054,2024-01-01,1,0.8506
CUST_00678,2023-12-01,1,0.8505
CUST_03514,2023-12-01,1,0.8505
CUST_00678,2023-11-01,1,0.8505
CUST_04878,2024-01-01,1,0.8501
CUST_03062,2023-11-01,1,0.8499
CUST_00437,2023-12-01,0,0.8495
CUST_00581,2023-11-01,1,0.8492
CUST_03799,2023-12-01,1,0.8492
CUST_03378,2023-11-01,1,0.8492
CUST_02807,2024-01-01,1,0.8487
CUST_04036,2023-11-01,1,0.8487
CUST_00192,2023-11-01,1,0.8486
CUST_04633,2024-01-01,1,0.8485
CUST_02571,2023-11-01,0,0.8484
CUST_03799,2023-11-01,1,0.8482
CUST_01225,2023-12-01,1,0.8481
CUST_04921,2023-12-01,1,0.848
CUST_01204,2023-12-01,0,0.848
CUST_00968,2023-11-01,1,0.848
CUST_01038,2023-12-01,1,0.8478
CUST_03947,2023-12-01,1,0.8478
CUST_03947,2024-01-01,1,0.8478
CUST_01852,2023-12-01,0,0.8474
CUST_04941,2023-12-01,0,0.8474
CUST_02523,2024-01-01,1,0.8472
CUST_00897,2023-12-01,1,0.847
CUST_01721,2023-11-01,0,0.8469
CUST_02088,2024-01-01,1,0.8468
CUST_01977,2024-01-01,0,0.8464
CUST_00897,2024-01-01,1,0.8462
CUST_02449,2023-11-01,1,0.8459
CUST_02836,2023-11-01,1,0.8458
CUST_00581,2023-12-01,1,0.8457
CUST_02409,2023-12-01,1,0.8453
CUST_02927,2024-01-01,1,0.8453
CUST_03772,2023-12-01,1,0.8453
CUST_04972,2024-01-01,1,0.8452
CUST_02005,2023-12-01,0,0.8451
CUST_03883,2023-12-01,0,0.8451
CUST_04756,2024-01-01,1,0.845
CUST_03877,2023-11-01,1,0.845
CUST_04643,2023-12-01,1,0.8449
CUST_02745,2023-11-01,1,0.8448
CUST_03766,2023-11-01,1,0.8447
CUST_00761,2024-01-01,1,0.8444
CUST_02454,2023-11-01,1,0.8444
CUST_03048,2023-12-01,1,0.8443
CUST_04497,2023-11-01,0,0.8441
CUST_00670,2023-11-01,1,0.844
CUST_03877,2023-12-01,1,0.844
CUST_00071,2024-01-01,1,0.8439
CUST_04132,2023-11-01,1,0.8437
CUST_02836,2023-12-01,1,0.8434
CUST_01165,2024-01-01,0,0.8427
CUST_04294,2023-12-01,1,0.8427
CUST_01300,2024-01-01,0,0.8426
CUST_03508,2024-01-01,0,0.8426
CUST_00815,2023-11-01,0,0.8424
CUST_03091,2023-11-01,1,0.8424
CUST_01381,2023-12-01,0,0.8422
CUST_02957,2023-11-01,1,0.842
CUST_00205,2024-01-01,0,0.8419
CUST_00235,2023-11-01,1,0.8416
CUST_00299,2023-12-01,1,0.8414
CUST_04336,2024-01-01,1,0.8414
CUST_03548,2024-01-01,1,0.841
CUST_03681,2024-01-01,1,0.841
CUST_04561,2023-11-01,1,0.8409
CUST_04575,2023-12-01,1,0.8409
CUST_02224,2023-12-01,1,0.8405
CUST_04123,2023-12-01,1,0.8403
CUST_02329,2023-12-01,0,0.8402
CUST_02169,2024-01-01,1,0.8401
CUST_02629,2023-11-01,1,0.84
CUST_01010,2023-12-01,0,0.8399
CUST_03863,2023-11-01,0,0.8398
CUST_03460,2023-12-01,0,0.8398
CUST_00936,2024-01-01,1,0.8398
CUST_02982,2024-01-01,0,0.8398
CUST_03874,2023-11-01,1,0.8393
CUST_02357,2024-01-01,0,0.8393
CUST_01762,2023-12-01,0,0.8393
CUST_02314,2024-01-01,0,0.8386
CUST_00071,2023-11-01,1,0.8385
CUST_00755,2024-01-01,0,0.8383
CUST_03165,2024-01-01,1,0.8377
CUST_02796,2023-12-01,1,0.8376
CUST_01898,2023-11-01,0,0.8369
CUST_02807,2023-12-01,1,0.8363
CUST_02417,2023-12-01,1,0.8362
CUST_02169,2023-11-01,1,0.8362
CUST_01150,2024-01-01,1,0.8361
CUST_01536,2023-12-01,1,0.8359
CUST_00966,2024-01-01,0,0.8357
CUST_04367,2023-12-01,1,0.8356
CUST_02965,2024-01-01,1,0.8356
CUST_00657,2024-01-01,1,0.8355
CUST_03031,2023-12-01,1,0.8354
CUST_04637,2024-01-01,0,0.8354
CUST_04847,2023-11-01,0,0.8353
CUST_04607,2024-01-01,1,0.8352
CUST_00034,2023-12-01,1,0.8351
CUST_03477,2024-01-01,0,0.835
CUST_01685,2023-11-01,1,0.8349
CUST_03097,2023-12-01,0,0.8348
CUST_03087,2023-12-01,1,0.8347
CUST_03766,2023-12-01,1,0.8345
CUST_00558,2023-11-01,1,0.8344
CUST_04453,2024-01-01,1,0.8343
CUST_00313,2024-01-01,0,0.8343
CUST_01817,2023-12-01,0,0.834
CUST_00982,2023-12-01,1,0.8338
CUST_03264,2024-01-01,1,0.8338
CUST_00549,2024-01-01,1,0.8338
CUST_00686,2023-11-01,0,0.833
CUST_01682,2023-11-01,1,0.8329
CUST_04588,2024-01-01,1,0.8325
CUST_04839,2023-12-01,1,0.8321
CUST_01029,2023-12-01,0,0.832
CUST_01113,2024-01-01,1,0.832
CUST_01568,2023-11-01,1,0.8319
CUST_04786,2024-01-01,1,0.8316
CUST_02740,2023-12-01,0,0.8315
CUST_03163,2023-12-01,0,0.8314
CUST_01501,2023-11-01,1,0.8312
CUST_01698,2024-01-01,0,0.831
CUST_03467,2024-01-01,0,0.8308
CUST_00348,2024-01-01,1,0.8305
CUST_00212,2023-11-01,1,0.8303
CUST_03927,2023-12-01,1,0.8302
CUST_03170,2023-11-01,1,0.8302
CUST_01023,2024-01-01,0,0.8301
CUST_00887,2023-11-01,1,0.8298
CUST_02352,2024-01-01,1,0.8298
CUST_00495,2024-01-01,0,0.8295
CUST_00556,2023-12-01,0,0.8295
CUST_03928,2023-11-01,1,0.8294
CUST_01088,2023-12-01,1,0.829
CUST_02560,2023-12-01,1,0.8289
CUST_04375,2023-12-01,0,0.8288
CUST_00319,2024-01-01,0,0.8285
CUST_03923,2024-01-01,1,0.8282
CUST_04779,2024-01-01,0,0.8278
CUST_01661,2023-11-01,1,0.8277
CUST_03878,2023-11-01,0,0.8277
CUST_03005,2024-01-01,1,0.8276
CUST_02919,2023-11-01,0,0.8275
CUST_01977,2023-12-01,0,0.8275
CUST_00833,2024-01-01,1,0.8274
CUST_00761,2023-12-01,1,0.8274
CUST_01525,2023-11-01,1,0.8271
CUST_01666,2023-12-01,0,0.827
CUST_02190,2023-12-01,1,0.8268
CUST_00595,2024-01-01,0,0.8267
CUST_03048,2023-11-01,1,0.8266
CUST_03170,2023-12-01,1,0.8263
CUST_04080,2024-01-01,1,0.8262
CUST_03164,2024-01-01,1,0.8258
CUST_00314,2023-12-01,1,0.8251
CUST_04998,2023-12-01,0,0.8248
